<?xml version="1.0" encoding="utf-8"?>
<MIUI_Theme_Values>
	<dimen name="corner_size"><val>dp</dimen>
	<dimen name="pip_corner_radius"><val>dp</dimen>
	<dimen name="control_corner_radius"><val>dp</dimen>
	<dimen name="notification_shadow_radius"><val>dp</dimen>
	<dimen name="rect_button_radius"><val>dp</dimen>
	<dimen name="lb_action_button_corner_radius"><val>dp</dimen>
	<dimen name="lb_rounded_rect_corner_radius"><val>dp</dimen>
	<dimen name="mtrl_btn_corner_radius"><val>dp</dimen>
	<dimen name="mtrl_card_corner_radius"><val>dp</dimen>
	<dimen name="notification_custom_view_corner_radius"><val>dp</dimen>
	<dimen name="notification_group_overflow_bg_radius"><val>dp</dimen>
	<dimen name="notification_item_bg_radius"><val>dp</dimen>
	<dimen name="panel_content_corner_radius"><val>dp</dimen>
	<dimen name="qs_control_brightness_corner_radius"><val>dp</dimen>
	<dimen name="qs_control_corner_general_radius"><val>dp</dimen>
	<dimen name="qs_control_customizer_others_bg_radius"><val>dp</dimen>
</MIUI_Theme_Values>
